"Wall slice (x=10): z_over_c","Wall slice (x=10): Position[Y] (m)","Wall slice (x=10): z_over_c","Wall slice (x=10): True_Cp"
5.404243764834277,-28.378769660845382,5.404243764834277,-0.42878054214318323
5.407511835366748,-28.381729136371852,5.407511835366748,-0.4288261067136895
5.411418085366748,-28.385266529815596,5.411418085366748,-0.42896400789052896
5.415685001202533,-28.38913053240184,5.415685001202533,-0.42905286707383256
5.419659667205252,-28.392729881511354,5.419659667205252,-0.43018689988440245
5.443253943307695,-28.414096214335594,5.443253943307695,-0.439396698000462
5.43927968411203,-28.41049723361943,5.43927968411203,-0.4365595120173572
5.314195183843374,-27.973197325279745,5.314195183843374,-0.5647330400685978
5.2982426671228,-27.945045641530797,5.2982426671228,-0.5574896395821748
5.252313430285142,-27.865485111075593,5.252313430285142,-0.533270690517365
5.329792086578195,-28.00002049194586,5.329792086578195,-0.5730964563559863
5.449206430635357,-28.41948662448518,5.449206430635357,-0.4429090707581806
5.4220247101077135,-28.394871599849232,5.4220247101077135,-0.43094269493605486
5.424146858354206,-28.396793359412445,5.424146858354206,-0.43094269493605486
5.425703779873203,-28.398203265069718,5.425703779873203,-0.43094269493605486
5.435419369460369,-28.40700143797409,5.435419369460369,-0.43465289822184683
5.4313670716367,-28.40333178760519,5.4313670716367,-0.4330243601431811
4.926345064524881,-27.411783836994744,4.926345064524881,-0.7584288530643721
5.2207319723583225,-27.813444532132344,5.2207319723583225,-0.5086055955413498
5.18909639622531,-27.76198311015822,5.18909639622531,-0.48048397392364045
5.236759931732479,-27.840104787776724,5.236759931732479,-0.5194988721977362
5.282643164684714,-27.91743137422965,5.282643164684714,-0.549160913558842
5.267400110433627,-27.8907540114117,5.267400110433627,-0.5409689730562774
5.3457532743584935,-28.027348603789097,5.3457532743584935,-0.5824149117569835
5.361252893556248,-28.055345040942825,5.361252893556248,-0.5851470865652416
5.4571410452286955,-28.426671995017273,5.4571410452286955,-0.4476786151949305
5.42753882486673,-28.399865031758765,5.42753882486673,-0.43203824735269813
4.956916619380735,-27.439555026537505,4.956916619380735,-0.7308508453613102
4.9417076954364205,-27.425727236484782,4.9417076954364205,-0.7417946201345131
5.0498240538799735,-27.55495856980133,5.0498240538799735,-0.5284930578227429
5.096370698835244,-27.62164720243989,5.096370698835244,-0.4204828166436254
5.065084183403144,-27.57661051885286,5.065084183403144,-0.47406058994523786
5.111809546157261,-27.643997826069203,5.111809546157261,-0.4126557535023807
5.158954890201883,-27.715317013398558,5.158954890201883,-0.44795518058305117
5.142818659456545,-27.690166194196507,5.142818659456545,-0.4289974516683228
5.127268495488671,-27.666600146155787,5.127268495488671,-0.4172379532859326
5.174006494504198,-27.73860675506402,5.174006494504198,-0.4618460564345022
5.205169711614545,-27.7876389227164,5.205169711614545,-0.49575820355506073
5.376955619524239,-28.085096384341398,5.376955619524239,-0.5887072698133422
5.465203817357434,-28.43397342151753,5.465203817357434,-0.4526382075431931
5.0342946994638496,-27.533379562802487,5.0342946994638496,-0.5749858004278677
5.018064670694507,-27.511216655559874,5.018064670694507,-0.6273704625432625
5.002932356528206,-27.490972147805635,5.002932356528206,-0.6630595879645289
4.988015504483052,-27.471664423627733,4.988015504483052,-0.6859003636067986
4.972405962183487,-27.454065937685915,4.972405962183487,-0.7109260076978146
5.080792161403487,-27.599184658762056,5.080792161403487,-0.43730662812787174
5.392529957181999,-28.114834435715657,5.392529957181999,-0.5894032049251544
5.47314224349843,-28.441162243683245,5.47314224349843,-0.4585695649070702
5.407512416333574,-28.143503269227107,5.407512416333574,-0.5902163725417213
5.480892224342917,-28.448180414928906,5.480892224342917,-0.4612119744226598
5.422412262695033,-28.171994496316845,5.422412262695033,-0.5889522627898999
5.437984305532524,-28.201806932587296,5.437984305532524,-0.5888537189999187
5.492839615534535,-28.458999646486305,5.492839615534535,-0.4621829368767096
5.45361930125825,-28.232064372202956,5.45361930125825,-0.5858557587460995
5.508388257360231,-28.473072311086774,5.508388257360231,-0.4652392756808347
5.469170852522751,-28.26300406172639,5.469170852522751,-0.5856181956790875
5.523330477521128,-28.48652457517572,5.523330477521128,-0.4706227570242859
5.484661897981823,-28.29452352014279,5.484661897981823,-0.584042835480113
5.5002473089384125,-28.326518444045167,5.5002473089384125,-0.5880365142728715
5.536891180000026,-28.49862455528799,5.536891180000026,-0.4881222723201675
5.5223200676945154,-28.37120134078966,5.5223200676945154,-0.5850650278153174
5.515262658059498,-28.35702724974469,5.515262658059498,-0.588899936448143
5.5453619783193275,-28.50614033341241,5.5453619783193275,-0.489648241152021
5.550580608816404,-28.483572029366698,5.550580608816404,-0.6433207607448437
5.530444095147779,-28.387410084727517,5.530444095147779,-0.5883719895959758
5.549163270068178,-28.496283084665436,5.549163270068178,-0.6101182468495803
5.5506567185797735,-28.482867388541138,5.5506567185797735,-0.599678954936073
5.546566054019927,-28.43076679286029,5.546566054019927,-0.57335659620415
5.540537494828655,-28.40868917043613,5.540537494828655,-0.5770409333028862
5.550455262069718,-28.464687183969538,5.550455262069718,-0.5580093597676582
5.5506575338832675,-28.48283047498866,5.5506575338832675,-0.5854660786211497
5.5506490854229895,-28.48215873308012,5.5506490854229895,-0.5854660786211497
5.550184855449743,-28.447299361950247,5.550184855449743,-0.5619249597566779
4.910628210173549,-27.39830648760368,4.910628210173549,-0.7615644472183413
4.8951774063699744,-27.385856241498402,4.8951774063699744,-0.7565889974122139
4.879672037829025,-27.37407228589163,4.879672037829025,-0.7292921630151684
4.864383464209197,-27.363323034601102,4.864383464209197,-0.7039538191887887
4.8489659244811065,-27.353390099386544,4.8489659244811065,-0.66325503512606
4.833291423156616,-27.344071358037194,4.833291423156616,-0.675341489095696
4.817755157910241,-27.334927756714134,4.817755157910241,-0.6821003478773849
4.627151867487697,-27.650379393459154,4.627151867487697,0.976280625562738
4.620780663888937,-27.63573477035459,4.620780663888937,0.9913503485512032
4.8022404526354805,-27.32587610584969,4.8022404526354805,-0.7110663294822606
4.615059126243693,-27.613187753625457,4.615059126243693,0.9711144668714042
4.7866556691473505,-27.317165483744226,4.7866556691473505,-0.7840182487050145
4.609389040006491,-27.574758813796265,4.609389040006491,0.5829848935385619
4.771339231253876,-27.309734435742644,4.771339231253876,-0.8924706766554443
4.607029084515773,-27.53006823292531,4.607029084515773,-0.3964538263237077
4.756392819246209,-27.304142505249192,4.756392819246209,-1.0594009968812306
4.608705598799531,-27.485829894456003,4.608705598799531,-1.6682186950226243
4.741490284167604,-27.300015497441827,4.741490284167604,-1.3931801981338916
4.711581814316347,-27.3040924622765,4.711581814316347,-1.778103785740664
4.696920889246599,-27.312438067479025,4.696920889246599,-1.8421859807478866
4.6148451622565005,-27.443130715849854,4.6148451622565005,-2.902693483305701
4.726615321873098,-27.299689010527295,4.726615321873098,-1.565535692916073
4.682456405403485,-27.32537805020786,4.682456405403485,-1.8607948999883774
4.652627909280014,-27.36331975561741,4.652627909280014,-1.7618555353348824
4.62511591961907,-27.4095651936329,4.62511591961907,-3.165112005621837
4.667155142886763,-27.343141180226993,4.667155142886763,-1.8245931202992753
4.638536272223291,-27.384985835054202,4.638536272223291,-2.253124283086297
4.638605874556532,-27.671309338855316,4.638605874556532,0.9158366960208955
4.652006904712891,-27.694743688108737,4.652006904712891,0.8601419003903322
4.684138052626395,-27.74899501545888,4.684138052626395,0.735128428771932
4.668138734954795,-27.72235118280574,4.668138734954795,0.7926570222557537
4.658880173474806,-27.706677467516705,4.658880173474806,0.8420132919084489
4.715786516075745,-27.800378601052433,4.715786516075745,0.6467222566003782
4.699666528401352,-27.774235307835163,4.699666528401352,0.6903965446914369
4.74604962275653,-27.848300145712386,4.74604962275653,0.5628542920274834
4.730893159189385,-27.824718699102988,4.730893159189385,0.6007635113687064
4.761914775580742,-27.87239359785719,4.761914775580742,0.5322862518510936
4.79310244997761,-27.918165457423903,4.79310244997761,0.47482891118086
4.777448661012059,-27.89546824607361,4.777448661012059,0.500991917079664
4.808300837670913,-27.939884797048386,4.808300837670913,0.44984139607243256
4.823861299716484,-27.9618330767752,4.823861299716484,0.4243595643322338
4.839801314995135,-27.984029390312553,4.839801314995135,0.3976472186714425
4.854085036413736,-28.00366976223822,4.854085036413736,0.37577964842109934
4.861342868715894,-28.01357283278168,4.861342868715894,0.36469225835284763
4.870330741593307,-28.025143222919038,4.870330741593307,0.34445606756415453
4.886314336618483,-28.045350484456723,4.886314336618483,0.3320003154450271
4.9015364447546546,-28.06422669714409,4.9015364447546546,0.31748250588045474
4.917069154587338,-28.08320798761271,4.917069154587338,0.29721234607855374
4.9328962242184815,-28.10183689886668,4.9328962242184815,0.2777306860343392
4.94842013088094,-28.119430591665264,4.94842013088094,0.27175853284692036
4.963691382998093,-28.13639688300423,4.963691382998093,0.2601032259150572
4.979199245502997,-28.15341520080861,4.979199245502997,0.24748949507172527
4.99497089601735,-28.170089282911135,4.99497089601735,0.22694932973747736
5.010349548968549,-28.185530199304026,5.010349548968549,0.22772336789324674
5.025624966249467,-28.20055370553044,5.025624966249467,0.22098828697603834
5.041304043238526,-28.215642504997195,5.041304043238526,0.21153115542508077
5.057074344220922,-28.229973689550995,5.057074344220922,0.2032547942013926
5.072610867540682,-28.24332311300057,5.072610867540682,0.21633754510533929
5.088095371890624,-28.256467539227724,5.088095371890624,0.22016206298431712
5.103682363347204,-28.26963131973315,5.103682363347204,0.22238709119063615
5.119368639961081,-28.282975396028633,5.119368639961081,0.21995902976294876
5.134950030001804,-28.29620848699315,5.134950030001804,0.21248434327893959
5.150398176405304,-28.309043780110713,5.150398176405304,0.20626613030317695
5.165815873900527,-28.321390601566755,5.165815873900527,0.20592083027166455
5.181481786295706,-28.333433232405447,5.181481786295706,0.20930983278723672
5.197162556682883,-28.345018579654287,5.197162556682883,0.21756144636696284
5.212682480381432,-28.356086590370865,5.212682480381432,0.22896426618156465
5.228035297741016,-28.36679423497155,5.228035297741016,0.24213400417647465
5.243065345620266,-28.377051975431286,5.243065345620266,0.25522515536789575
5.257078520918782,-28.386454713535493,5.257078520918782,0.2763840419696845
5.388606214305739,-28.364677166331386,5.388606214305739,0.42100396971715937
5.292150412093704,-28.29835042654077,5.292150412093704,0.3396830676785431
5.287068992982306,-28.39001526277853,5.287068992982306,0.2525465467075914
5.270061919360188,-28.394909616616843,5.270061919360188,0.28793882406992355
5.2890389424049715,-28.354478438687273,5.2890389424049715,0.30561193086742605
5.38403533841295,-28.36049018220839,5.38403533841295,0.4157206285365717
5.296374915303126,-28.28026956546045,5.296374915303126,0.3184577770237868
5.286858492281034,-28.39381268250353,5.286858492281034,0.1865402163615342
5.281350929131214,-28.401924613711934,5.281350929131214,0.34293426865758536
5.3052264832468055,-28.28843501417923,5.3052264832468055,0.32767243785638334
5.286454959188795,-28.401092407591282,5.286454959188795,0.20180911996891193
5.378537877810935,-28.355491110772572,5.378537877810935,0.36977679057004353
5.320531413040349,-28.302553242393145,5.320531413040349,0.3088614877614762
5.371576051003913,-28.349186670323647,5.371576051003913,0.33435708767927114
5.3379667741773815,-28.318606238313897,5.3379667741773815,0.29068946773190446
5.364527971260955,-28.342804121568783,5.364527971260955,0.29641281320912594
5.353419635231653,-28.332724007268016,5.353419635231653,0.2796092011492717
